"EmpId","EmpName","Salary","SalaryCreditedByBank","SalaryDeficit","SalarySurpluse"
"","","","","",""
"","","","","",""
"","","","","",""
"","","","","",""
"","","","","",""
"","","","","",""
"","","","","",""
"","","","","",""
"","","","","",""
"","","","","",""
"","","","","",""
"","","","","",""
"","","","","",""
"","","","","",""
"","","","","",""
"","","","","",""
"","","","","",""
"","","","","",""
"","","","","",""
"","","","","",""
"","","","","",""
"","","","","",""
"","","","","",""
"","","","","",""
"","","","","",""
"","","","","",""
"","","","","",""
"","","","","",""
"","","","","",""
"","","","","",""
"","","","","",""
"","","","","",""
"","","","","",""
"","","","","",""
"","","","","",""
"","","","","",""
"","","","","",""
"","","","","",""
"","","","","",""
"","","","","",""
"","","","","",""
"","","","","",""
"","","","","",""
"","","","","",""
"","","","","",""
"","","","","",""
"","","","","",""
"","","","","",""
"","","","","",""
"","","","","",""
"","","","","",""
"","","","","",""
"","","","","",""
"","","","","",""
"","","","","",""
"","","","","",""
"","","","","",""
"","","","","",""
"","","","","",""
"","","","","",""
"","","","","",""
"","","","","",""
"","","","","",""
"","","","","",""
"","","","","",""
"","","","","",""
"","","","","",""
"","","","","",""
"","","","","",""
"","","","","",""
"","","","","",""
"","","","","",""
"","","","","",""
"","","","","",""
"","","","","",""
"","","","","",""
"","","","","",""
"","","","","",""
"","","","","",""
"","","","","",""
"","","","","",""
"","","","","",""
"","","","","",""
"","","","","",""
"","","","","",""
"","","","","",""
"","","","","",""
"","","","","",""
"","","","","",""
"","","","","",""
"","","","","",""
"","","","","",""
"","","","","",""
"","","","","",""
"","","","","",""
"","","","","",""
"","","","","",""
"","","","","",""
"","","","","",""
"","","","","",""
"","","","","",""
"","","","","",""
"","","","","",""
"","","","","",""
"","","","","",""
"","","","","",""
"","","","","",""
"","","","","",""
"","","","","",""
"","","","","",""
"","","","","",""
"","","","","",""
"","","","","",""
"","","","","",""
"","","","","",""
"","","","","",""
"","","","","",""
"","","","","",""
"","","","","",""
"","","","","",""
"","","","","",""
"","","","","",""
"","","","","",""
"","","","","",""
"","","","","",""
"","","","","",""
"","","","","",""
"","","","","",""
"","","","","",""
"","","","","",""
"","","","","",""
"","","","","",""
"","","","","",""
"","","","","",""
"","","","","",""
"","","","","",""
"","","","","",""
"","","","","",""
"","","","","",""
"","","","","",""
"","","","","",""
"","","","","",""
"","","","","",""
"","","","","",""
"","","","","",""
"","","","","",""
"","","","","",""
"","","","","",""
"","","","","",""
"","","","","",""
"","","","","",""
"","","","","",""
"","","","","",""
"","","","","",""
"","","","","",""
"","","","","",""
"","","","","",""
"","","","","",""
"","","","","",""
"","","","","",""
"","","","","",""
"","","","","",""
"","","","","",""
"","","","","",""
"","","","","",""
"","","","","",""
"","","","","",""
"","","","","",""
"","","","","",""
"","","","","",""
"","","","","",""
"","","","","",""
"","","","","",""
"","","","","",""
"","","","","",""
"","","","","",""
"","","","","",""
"","","","","",""
"","","","","",""
"","","","","",""
"","","","","",""
"","","","","",""
"","","","","",""
"","","","","",""
"","","","","",""
"","","","","",""
"","","","","",""
"","","","","",""
"","","","","",""
"","","","","",""
"","","","","",""
"","","","","",""
"","","","","",""
"","","","","",""
"","","","","",""
"","","","","",""
"","","","","",""
"","","","","",""
"","","","","",""
"","","","","",""
"","","","","",""
"","","","","",""
"","","","","",""
"","","","","",""
"","","","","",""
"","","","","",""
"","","","","",""
"","","","","",""
"","","","","",""
"","","","","",""
"","","","","",""
"","","","","",""
"","","","","",""
"","","","","",""
"","","","","",""
"","","","","",""
"","","","","",""
"","","","","",""
"","","","","",""
"","","","","",""
"","","","","",""
"","","","","",""
"","","","","",""
"","","","","",""
"","","","","",""
"","","","","",""
"","","","","",""
"","","","","",""
"","","","","",""
"","","","","",""
"","","","","",""
"","","","","",""
"","","","","",""
"","","","","",""
"","","","","",""
"","","","","",""
"","","","","",""
"","","","","",""
"","","","","",""
"","","","","",""
"","","","","",""
"","","","","",""
"","","","","",""
"","","","","",""
"","","","","",""
"","","","","",""
"","","","","",""
"","","","","",""
"","","","","",""
"","","","","",""
"","","","","",""
"","","","","",""
"","","","","",""
"","","","","",""
"","","","","",""
"","","","","",""
"","","","","",""
"","","","","",""
"","","","","",""
"","","","","",""
"","","","","",""
"","","","","",""
"","","","","",""
"","","","","",""
"","","","","",""
"","","","","",""
"","","","","",""
"","","","","",""
"","","","","",""
"","","","","",""
"","","","","",""
"","","","","",""
"","","","","",""
"","","","","",""
"","","","","",""
"","","","","",""
"","","","","",""
"","","","","",""
"","","","","",""
"","","","","",""
"","","","","",""
"","","","","",""
"","","","","",""
"","","","","",""
"","","","","",""
"","","","","",""
"","","","","",""
"","","","","",""
"","","","","",""
"","","","","",""
"","","","","",""
"","","","","",""
"","","","","",""
"","","","","",""
"","","","","",""
"","","","","",""
"","","","","",""
"","","","","",""
"","","","","",""
"","","","","",""
